Layer,PLCC,SROCC,KROCC,|PLCC|,|SROCC|,|KROCC|
layer1,-0.7219714009110014,-0.7252245826344634,-0.539558012963897,0.7219714009110014,0.7252245826344634,0.539558012963897
layer2,-0.7670761589863423,-0.7539945354419872,-0.571057595465672,0.7670761589863423,0.7539945354419872,0.571057595465672
layer3,-0.7855954250004122,-0.7627391905863469,-0.5766615861232399,0.7855954250004122,0.7627391905863469,0.5766615861232399
layer4,-0.781939637210332,-0.7584286761676393,-0.5675862807779352,0.781939637210332,0.7584286761676393,0.5675862807779352
avgpool,-0.7671766142859477,-0.7175751662701214,-0.5311728132930406,0.7671766142859477,0.7175751662701214,0.5311728132930406
fc,-0.7568287108937367,-0.7045011014673398,-0.5197763693840793,0.7568287108937367,0.7045011014673398,0.5197763693840793
