Layer,PLCC,SROCC,KROCC,|PLCC|,|SROCC|,|KROCC|
layer1,-0.7497628559035551,-0.7318657578338552,-0.5521918593183565,0.7497628559035551,0.7318657578338552,0.5521918593183565
layer2,-0.7731779472287414,-0.7434855957538119,-0.5651037120100587,0.7731779472287414,0.7434855957538119,0.5651037120100587
layer3,-0.7914149136499384,-0.7584265301285462,-0.5722908504063804,0.7914149136499384,0.7584265301285462,0.5722908504063804
layer4,-0.7878573081582663,-0.7634074502542333,-0.5703485128002949,0.7878573081582663,0.7634074502542333,0.5703485128002949
avgpool,-0.7807829904195567,-0.7386968525397105,-0.5477988049251099,0.7807829904195567,0.7386968525397105,0.5477988049251099
fc,-0.7691585083433305,-0.7248819151555531,-0.53551364188007,0.7691585083433305,0.7248819151555531,0.53551364188007
